一级节点,二级节点,三级节点,四级节点,五级节点,起始节点,目标节点,关系
联立方程模型及其偏倚,联立方程模型的性质,单一方程模型特征,单一方程模型中只有一个被解释变量，而有一个或多个解释变量，这类模型最主要的特征是被解释变量与解释变量间为一种单向的因果关系，通常解释变量是变化的原因，被解释变量是变化的结果,,联立方程模型的性质,经济理解能力,考察
联立方程模型的识别,联立方程模型中变量的类型,单一方程模型研究对象,单一变量,一些变量是由模型体现的经济系统本身所决定的，称为内生变量,联立方程模型中变量的类型,逻辑思维能力,考察
联立方程模型的估计,联立方程模型的偏倚性,多个经济变量之间可能存在着双向的或多向的因果关系,,另一些变量是在模型体现的经济系统之外给定的，在模型中是非随机的，称为外生变量,联立方程模型的偏倚性,数学推演能力,考察
案例分析,联立方程模型的种类,联立方程模型的定义,用若干个相互关联的单一方程，同时去表示一个经济系统中经济变量相互联立依存性的模型，又称联立方程组模型,在联立方程模型中，有一些变量本来是内生变量，但模型中可能出现了这些变量过去时期的滞后值或更大范围的数值,联立方程模型的种类,经济理解能力,考察
,对模型识别的理解,联立方程组中每一个单一方程中包含了一个或多个相互关联的内生变量,联立方程组模型是由若干个单一方程组成的,$u = B_1 X + B_2 Y ，其中 $ Y $ 为内生变量向量；$ X $ 为前定变量向量；$ u $ 为随机扰动项；$ B_1 $ 和 $ B_2 $ 为参数矩阵,联立方程模型的识别,数学推演能力,考察
,联立方程模型识别的类型,联立方程模型的特点,联立方程组模型里既有非确定性方程（即随机方程），又有确定性方程,直接写出模型的简化形式,联立方程模型识别的方法,逻辑思维能力,考察
,联立方程模型识别的方法,单一方程中变量,被解释变量和解释变量之间不仅是单向的因果关系，而可能是互为因果,通过结构型模型导出简化型模型,模型识别的一般步骤和经验方法,实证分析能力,考察
,模型识别的一般步骤和经验方法,联立方程中变量,解释变量可能与随机扰动项相关，违反OLS基本假定,$Y = PY + XQ$，其中 $ Y $ 表示内生变量向量；$ X $ 表示前定变量向量；$ u $ 表示随机误差项向量；$ P $ 和 $ Q $ 表示参数矩阵,联立方程模型的估计,实证分析能力,考察
,联立方程模型估计方法的选择,方程组,被解释变量与解释变量的区分十分清晰，解释变量是变动的原因，被解释变量是变动的结果,可以直接运用OLS方法对模型中的方程依次进行估计，而不会产生联立方程组的偏倚性问题,联立方程模型估计方法的选择,软件使用能力,考察
,递归型模型的估计——OLS法,内生变量与外生变量,多个变量可能互为因果,单一方程估计法是指对方程组模型中的每一个方程逐一进行估计,递归型模型的估计——OLS法,数学推演能力,考察
,恰好识别方程的估计——间接最小二乘法（ILS）,外生变量是非随机变量,同一变量可能作为被解释变量，同时又可能作为解释变量,系统估计法是指在考虑整个模型所提供的全部信息的情况下，对模型中的全部方程同时进行估计的方法。,恰好识别方程的估计——间接最小二乘法（ILS）,数学推演能力,考察
,过度识别方程的估计——二段最小二乘法（TSLS）,滞后内生变量,内生变量,编辑输入数据,过度识别方程的估计——二段最小二乘法（TSLS）,数学推演能力,考察
,联立方程模型的估计,前定变量,外生变量,确定时间范围,案例分析,软件使用能力,考察
,,联立方程模型很可能会违反古典假定,如果联立方程模型中内生变量的个数恰好等于方程组中方程的个数，则称该方程组为完备的,打开估计方程对话框,联立方程模型及其偏倚,联立方程模型的性质,包含
,,在联立方程模型中，一个方程中的解释变量，在另一个方程中可以是被解释变量，因此很可能会违反古典假定,外生变量数值的变化能够影响内生变量的变化，而内生变量却不能反过来影响外生变量,选择估计方法,联立方程模型的性质,单一方程模型特征,包含
,,联立方程模型的偏倚性的定义,外生变量是由模型体系以外的因素所决定的，外生变量是可控制的变量，与随机误差项不相关，所以是非随机变量,输入估计方程,联立方程模型的性质,单一方程模型研究对象,包含
,,联立方程偏倚性是联立方程固有的，一般情况下OLS法不适合于估计联立方程模型,代表内生变量滞后值的变量称为滞后内生变量,输入前定变量,单一方程模型研究对象,单一变量,包含
,,结构型模型,滞后内生变量或更大范围的内生变量的作用视同于外生变量，并与外生变量一起称为前定变量,进行估计并获得结果,联立方程模型的性质,多个经济变量之间可能存在着双向的或多向的因果关系,包含
,,结构型模型的特点,在单一方程模型中，前定变量一般作为解释变量，内生变量一般作为被解释变量,,联立方程模型的性质,联立方程模型的定义,包含
,,简化型模型,在联立方程模型中，内生变量既可作为被解释变量，又可作为解释变量,,联立方程模型的定义,用若干个相互关联的单一方程，同时去表示一个经济系统中经济变量相互联立依存性的模型，又称联立方程组模型,包含
,,简化型模型的特点,这种由于联立方程模型中内生变量作为解释变量与随机误差项相关，而引起的OLS估计的参数有偏且不一致，称为联立方程偏倚性,,联立方程模型的性质,联立方程组中每一个单一方程中包含了一个或多个相互关联的内生变量,包含
,,递归型模型,结构型模型是指根据经济行为理论或经济活动规律，描述经济变量之间现实的经济结构关系的模型,,联立方程模型的性质,联立方程模型的特点,包含
,,简化型模型与结构型模型的关系,结构型模型表现变量间直接的经济联系，将某内生变量直接表示为内生变量和前定变量的函数,,联立方程模型的特点,联立方程组模型是由若干个单一方程组成的,包含
,,识别的定义,结构型模型的标准形式（矩阵）,,联立方程模型的特点,联立方程组模型里既有非确定性方程（即随机方程），又有确定性方程,包含
,,模型识别的定义,结构方程描述了经济变量之间的结构关系，所以结构方程反映了内生变量直接受前定变量、其它内生变量和随机误差项影响的因果关系，在结构方程的右端可能出现其它的内生变量,,联立方程模型的特点,被解释变量和解释变量之间不仅是单向的因果关系，而可能是互为因果,包含
,,不可识别,结构方程中的变量的系数称为结构参数，结构参数反映了结构方程中的解释变量对被解释变量的直接影响程度。所有的结构参数组成的矩阵称为结构参数矩阵，因此结构型模型有明确的经济意义，可直接分析解释变量变动对被解释变量的作用,,联立方程模型的特点,解释变量可能与随机扰动项相关，违反OLS基本假定,包含
,,恰好识别,结构型模型具有偏倚性问题，所以不能直接用OLS法对结构型模型的未知参数进行估计,,联立方程模型及其偏倚,联立方程模型中变量的类型,包含
,,过度识别,利用联立方程组进行预测，是通过前定变量的未来值来预测内生变量的未来值，由于在结构方程的右端出现了内生变量，所以不能直接用结构型模型进行预测,,联立方程模型中变量的类型,单一方程中变量,包含
,,模型识别的阶条件,简化型模型是每个内生变量都只被表示为前定变量及随机扰动项函数的联立方程模型,,联立方程模型中变量的类型,联立方程中变量,包含
,,模型识别的秩条件,简化型模型的建立,,单一方程中变量,被解释变量与解释变量的区分十分清晰，解释变量是变动的原因，被解释变量是变动的结果,包含
,,模型识别的一般步骤,简化型模型的一般形式,,联立方程中变量,多个变量可能互为因果,包含
,,模型识别的经验方法,在简化型模型中每一个方程的右端不再出现内生变量，而只有前定变量作为解释变量,,联立方程中变量,同一变量可能作为被解释变量，同时又可能作为解释变量,包含
,,研究目的与估计方法,简化型模型中的前定变量与随机误差项不相关。事实上，因为简化型模型的随机误差项是结构型模型随机误差项的线性函数，而在结构型模型中的前定变量与随机误差项不相关，所以在简化型模型中同样有前定变量与随机误差项不相关。简化型模型中每个方程的解释变量全是前定变量，从而避免了联立方程偏倚。因此，从理论上讲可以对简化型模型的参数运用OLS法进行估计，只不过注意估计出的是简化型模型的参数估计值。但简化型模型中的参数是原结构型模型参数的函数，由估计的简化型模型参数，有可能求解出结构型参数。,,联立方程中变量,内生变量,包含
,,估计方法,简化型模型的参数综合反映了前定变量对内生变量的直接影响与间接影响，其参数表现了前定变量对内生变量的影响乘数,,联立方程中变量,外生变量,包含
,,单一方程估计法,在已知前定变量取值的条件下，可利用简化型模型参数的估计式直接对内生变量进行预测分析,,联立方程模型中变量的类型,方程组,包含
,,单一方程估计法特点,递归型模型是指在该模型中，第一个方程的内生变量仅由前定变量表示，而无其它内生变量，第二个方程内生变量表示成前定变量和一个内生变量的函数；第三个方程内生变量表示成前定变量和两个内生变量与的函数；按此规律下去，最后一个方程内生变量可表示成前定变量和m-1个内生变量的函数,,联立方程模型中变量的类型,内生变量与外生变量,包含
,,系统估计法,递归型模型的特点,,联立方程模型中变量的类型,外生变量是非随机变量,包含
,,系统估计法特点,简化型模型中的前定变量与随机扰动项不相关，避免了联立方程偏倚，因此对简化型模型一般可以运用OLS法估计其参数,,联立方程模型中变量的类型,滞后内生变量,包含
,,方法比较,识别是模型的设定问题，如果结构型模型参数的估计值能由简化型模型的参数求解出，则称这个结构方程是可识别的，否则是不可识别的,,联立方程模型中变量的类型,前定变量,包含
,,方法选择,如果模型中一个结构方程与另一个结构方程含有相同的变量（包括解释变量与被解释变量），而且变量之间具有相同的统计关系，则这两个方程具有相同的统计形式，则它们都是不可识别的,,联立方程模型及其偏倚,联立方程模型的偏倚性,包含
,,ILS的基本思想,如果一个结构方程包含了模型的所有变量，或者说该结构方程的变量系数均未实行零限制，则称该方程为不可识别。反过来，当模型中的结构方程有零限制出现时，即某些变量不出现在模型中某个结构方程里时，则该方程才有可能被识别,,联立方程模型的偏倚性,联立方程模型很可能会违反古典假定,包含
,,ILS的步骤,如果结构型模型中的每一个结构方程都是可识别的，则称该联立方程模型是可识别的。在结构型模型中，只要有一个结构方程不可识别，则该联立方程模型就是不可识别的,,联立方程模型的偏倚性,在联立方程模型中，一个方程中的解释变量，在另一个方程中可以是被解释变量，因此很可能会违反古典假定,包含
,,TSLS的基本思想,如果结构型模型中某个方程参数的估计值不能够由简化型模型参数估计值求解出，则称该方程是不可识别,,联立方程模型的偏倚性,联立方程模型的偏倚性的定义,包含
,,TSLS的步骤,如果结构型模型中某个方程的参数能够由简化型模型参数估计值惟一地解出，则称该方程是恰好识别。,,联立方程模型的偏倚性,联立方程偏倚性是联立方程固有的，一般情况下OLS法不适合于估计联立方程模型,包含
,,TSLS的使用条件,如果结构型模型中某个方程的参数能够由简化型模型参数估计值解出，但求解出的值不惟一，则称该方程是过度识别。,,联立方程模型及其偏倚,联立方程模型的种类,包含
,,TSLS的特性,模型识别阶条件的基本思想是，一个结构型方程的识别取决于不包含在这个方程中，而包含在模型其他方程中变量的个数,,联立方程模型的种类,结构型模型,包含
,,EViews软件操作,当模型的一个方程中不包含的变量（内生变量和前定变量）的总个数，大于或等于模型中内生变量总个数M减1，则该方程可能识别,,联立方程模型的种类,结构型模型的特点,包含
,,,模型识别的阶条件只是联立方程模型中方程识别状态的必要条件，但非充分条件。还需要寻求用联立方程模型识别的充分必要条件去加以判断,,联立方程模型的种类,简化型模型,包含
,,,联立方程模型识别的秩条件可以表述为：在有\( M \)个内生变量\( M \)个方程的完整联立方程模型中，当且仅当一个方程中不包含但在其他方程包含的变量（不论是内生变量还是外生变量）的结构参数，至少能够构成一个非零的\( M-1 \)阶行列式时，该方程是可以识别的。,,结构型模型的特点,结构方程描述了经济变量之间的结构关系，所以结构方程反映了内生变量直接受前定变量、其它内生变量和随机误差项影响的因果关系，在结构方程的右端可能出现其它的内生变量,包含
,,,将结构型模型转变为结构型模型的标准形式，并将全部参数列成完整的参数表（方程中不出现变量的参数以0表示）,,结构型模型的特点,结构方程中的变量的系数称为结构参数，结构参数反映了结构方程中的解释变量对被解释变量的直接影响程度。所有的结构参数组成的矩阵称为结构参数矩阵，因此结构型模型有明确的经济意义，可直接分析解释变量变动对被解释变量的作用,包含
,,,"考虑第 i 个方程的识别问题：划去该方程的那一行，并划去该方程出现的变量的系数（该行中非 0 系数）所形成的列，余下该方程不包含的变量在其他方程中的系数矩阵(\mathbf{B_0}, \mathbf{\Gamma_0})",,结构型模型的特点,结构型模型具有偏倚性问题，所以不能直接用OLS法对结构型模型的未知参数进行估计,包含
,,,"计算 {Rank}(B_0, \Gamma_0)，检验所余系数矩阵 (B_0, \Gamma_0) 的秩，看是否等于 \( M-1 \)，或检验所余系数是否能构成非零 \( M-1 \) 阶行列式",,结构型模型的特点,利用联立方程组进行预测，是通过前定变量的未来值来预测内生变量的未来值，由于在结构方程的右端出现了内生变量，所以不能直接用结构型模型进行预测,包含
,,,"判断：如果 {Rank}(B_0, \Gamma_0) = M-1，则该方程为可识别；根据非零行列式个数判别是恰好识别，还是过度识别",,联立方程模型的种类,简化型模型的特点,包含
,,,模型识别的秩条件是充分必要条件，但识别程序过于繁琐；模型识别的阶条件比较简便，但又只是必要条件。在用联立方程模型作实际的计量经济研究时，可以将两种方法结合运用。在设定联立方程模型时应遵循以下原则：“在建立联立方程结构型模型时，要使新引入的方程中包含前面已引入的每一个方程都不包含的至少1个变量（内生变量或前定变量）；同时，要使前面已引入的每一个方程都包含至少1个新引入方程未包含的变量，并要互不相同。”,,简化型模型的特点,在简化型模型中每一个方程的右端不再出现内生变量，而只有前定变量作为解释变量,包含
,,,如果研究目的是为了作经济结构分析，验证某种经济理论，应当力争尽可能准确估计结构型参数,,简化型模型的特点,简化型模型中的前定变量与随机误差项不相关。事实上，因为简化型模型的随机误差项是结构型模型随机误差项的线性函数，而在结构型模型中的前定变量与随机误差项不相关，所以在简化型模型中同样有前定变量与随机误差项不相关。简化型模型中每个方程的解释变量全是前定变量，从而避免了联立方程偏倚。因此，从理论上讲可以对简化型模型的参数运用OLS法进行估计，只不过注意估计出的是简化型模型的参数估计值。但简化型模型中的参数是原结构型模型参数的函数，由估计的简化型模型参数，有可能求解出结构型参数。,包含
,,,如果研究目的是为了评价政策或论证某些经济政策的效应，应当力争准确估计简化型参数,,简化型模型的特点,简化型模型的参数综合反映了前定变量对内生变量的直接影响与间接影响，其参数表现了前定变量对内生变量的影响乘数,包含
,,,如果研究目的只是为了作经济预测，只要直接估计简化型参数即可。,,简化型模型的特点,在已知前定变量取值的条件下，可利用简化型模型参数的估计式直接对内生变量进行预测分析,包含
,,,单一方程估计法,,联立方程模型的种类,递归型模型,包含
,,,普通最小二乘法、工具变量法、间接最小二乘估计法、二段最小二乘估计法、有限信息最大似然法等,,联立方程模型的识别,对模型识别的理解,包含
,,,估计方程的参数只考虑该方程本身所带来的（有限）信息，不考虑整个模型所提供的全部信息，所以也称有限信息法,,对模型识别的理解,简化型模型与结构型模型的关系,包含
,,,系统估计法,,简化型模型与结构型模型的关系,简化型模型中的前定变量与随机扰动项不相关，避免了联立方程偏倚，因此对简化型模型一般可以运用OLS法估计其参数,包含
,,,三段最小二乘法（3SLS）、似乎不相关法（SUR）、完全信息最大似然估计法（FIML）等,,对模型识别的理解,识别的定义,包含
,,,该方法在估计模型时，用到了模型全部信息，所以也称完全信息法,,对模型识别的理解,模型识别的定义,包含
,,,从对参数估计的统计特性看，系统估计法要优于单一方程估计法；但从方法的复杂性和可操作性看，单一方程法又优于系统估计法。所以在实际中单一方程估计法仍然得到广泛运用,,识别的定义,识别是模型的设定问题，如果结构型模型参数的估计值能由简化型模型的参数求解出，则称这个结构方程是可识别的，否则是不可识别的,包含
,,,对于恰好识别方程，需要用间接最小二乘法、工具变量法等估计参数；对于过度识别方程，需要用二段最小二乘法、三段最小二乘法等估计参数；对于不足识别方程，则不能估计其结构型参数。对于递归型模型可直接用OLS法估计参数。,,模型识别的定义,如果结构型模型中的每一个结构方程都是可识别的，则称该联立方程模型是可识别的。在结构型模型中，只要有一个结构方程不可识别，则该联立方程模型就是不可识别的,包含
,,,递归型模型中各内生变量之间的联系只是单向的，都满足OLS基本假定,,联立方程模型的识别,联立方程模型识别的类型,包含
,,,可以先用OLS法估计简化型参数，然后再求解出结构型参数,,联立方程模型识别的类型,不可识别,包含
,,,(1) 将结构型模型转化为简化型模型；(2) 对简化型模型中的每一个方程用OLS法估计其参数；(3) 利用简化型模型与结构型模型之间参数的关系式唯一地解出结构型方程的参数估计量,,联立方程模型识别的类型,恰好识别,包含
,,,用与内生变量高度相关但不相关的变量替代内生变量作为解释变量,,联立方程模型识别的类型,过度识别,包含
,,,(1) 将结构型模型变换为简化型模型；(2) 运用OLS法估计简化型方程的参数；(3) 用估计的去替代结构方程中作为解释变量的内生变量；(4) 再运用OLS法估计该结构方程的参数,,不可识别,如果结构型模型中某个方程参数的估计值不能够由简化型模型参数估计值求解出，则称该方程是不可识别,包含
,,,结构方程必须可以识别,,恰好识别,如果结构型模型中某个方程的参数能够由简化型模型参数估计值惟一地解出，则称该方程是恰好识别。,包含
,,,结构方程中的随机误差项要满足OLS的基本假定,,过度识别,如果结构型模型中某个方程的参数能够由简化型模型参数估计值解出，但求解出的值不惟一，则称该方程是过度识别。,包含
,,,结构方程中的所有前定变量不存在严重的多重共线性，而且与随机误差项不相关,,联立方程模型的识别,联立方程模型识别的方法,包含
,,,样本容量要足够大,,联立方程模型识别的方法,模型识别的阶条件,包含
,,,运用二段最小二乘法时应关注简化型模型的可决系数 \( R^2 \)，第一段回归时 \( R^2 \) 高，说明 \( \hat{Y}_i \) 与 \( Y_i \) 很接近；若第一段简化型方程回归中 \( R^2 \) 很低，说明 \( \hat{Y}_i \) 对 \( Y_i \) 的代表性不强，\( Y_i \) 很大程度上受随机分量决定，TSLS 估计事实上将无意义,,联立方程模型识别的方法,模型识别的秩条件,包含
,,,小样本时，TSLS法所得到的参数估计量是有偏的,,联立方程模型的识别,模型识别的一般步骤和经验方法,包含
,,,大样本时，TSLS法所得到的参数估计量具有一致性,,模型识别的一般步骤和经验方法,模型识别的一般步骤,包含
,,,尽管TSLS法是针对过度识别而提出的，但对于恰好识别情况仍然可以使用，并且估计的结果与间接最小二乘法（ILS）估计结果一致。但在过度识别条件下，用TSLS法只能提供每个参数的唯一估计值，而用ILS法则能提供多个估计值,,模型识别的一般步骤和经验方法,模型识别的经验方法,包含
,,,数据输入与时间范围确定,,联立方程模型的估计,联立方程模型估计方法的选择,包含
,,,TSLS估计方法应用,,联立方程模型估计方法的选择,研究目的与估计方法,包含
,,,Equation Specification窗口,,研究目的与估计方法,如果研究目的是为了作经济结构分析，验证某种经济理论，应当力争尽可能准确估计结构型参数,包含
,,,模型估计结果获取,,研究目的与估计方法,如果研究目的是为了评价政策或论证某些经济政策的效应，应当力争准确估计简化型参数,包含
,,,,,研究目的与估计方法,如果研究目的只是为了作经济预测，只要直接估计简化型参数即可。,包含
,,,,,联立方程模型估计方法的选择,估计方法,包含
,,,,,估计方法,单一方程估计法,包含
,,,,,单一方程估计法,单一方程估计法是指对方程组模型中的每一个方程逐一进行估计,包含
,,,,,单一方程估计法,普通最小二乘法、工具变量法、间接最小二乘估计法、二段最小二乘估计法、有限信息最大似然法等,包含
,,,,,联立方程模型估计方法的选择,单一方程估计法特点,包含
,,,,,单一方程估计法特点,估计方程的参数只考虑该方程本身所带来的（有限）信息，不考虑整个模型所提供的全部信息，所以也称有限信息法,包含
,,,,,估计方法,系统估计法,包含
,,,,,系统估计法,系统估计法是指在考虑整个模型所提供的全部信息的情况下，对模型中的全部方程同时进行估计的方法。,包含
,,,,,联立方程模型估计方法的选择,系统估计法,包含
,,,,,联立方程模型估计方法的选择,系统估计法特点,包含
,,,,,联立方程模型估计方法的选择,方法比较,包含
,,,,,联立方程模型估计方法的选择,方法选择,包含
,,,,,系统估计法,三段最小二乘法（3SLS）、似乎不相关法（SUR）、完全信息最大似然估计法（FIML）等,包含
,,,,,系统估计法特点,该方法在估计模型时，用到了模型全部信息，所以也称完全信息法,包含
,,,,,联立方程模型的估计,递归型模型的估计——OLS法,包含
,,,,,递归型模型的估计——OLS法,递归型模型,包含
,,,,,递归型模型,递归型模型中各内生变量之间的联系只是单向的，都满足OLS基本假定,包含
,,,,,联立方程模型的估计,恰好识别方程的估计——间接最小二乘法（ILS）,包含
,,,,,恰好识别方程的估计——间接最小二乘法（ILS）,ILS的基本思想,包含
,,,,,恰好识别方程的估计——间接最小二乘法（ILS）,ILS的步骤,包含
,,,,,ILS的基本思想,可以先用OLS法估计简化型参数，然后再求解出结构型参数,包含
,,,,,联立方程模型的估计,过度识别方程的估计——二段最小二乘法（TSLS）,包含
,,,,,过度识别方程的估计——二段最小二乘法（TSLS）,TSLS的基本思想,包含
,,,,,过度识别方程的估计——二段最小二乘法（TSLS）,TSLS的步骤,包含
,,,,,过度识别方程的估计——二段最小二乘法（TSLS）,TSLS的使用条件,包含
,,,,,TSLS的基本思想,用与内生变量高度相关但不相关的变量替代内生变量作为解释变量,包含
,,,,,TSLS的使用条件,结构方程必须可以识别,包含
,,,,,TSLS的使用条件,结构方程中的随机误差项要满足OLS的基本假定,包含
,,,,,TSLS的使用条件,结构方程中的所有前定变量不存在严重的多重共线性，而且与随机误差项不相关,包含
,,,,,TSLS的使用条件,样本容量要足够大,包含
,,,,,TSLS的使用条件,运用二段最小二乘法时应关注简化型模型的可决系数,包含
,,,,,过度识别方程的估计——二段最小二乘法（TSLS）,TSLS的特性,包含
,,,,,TSLS的特性,小样本时，TSLS法所得到的参数估计量是有偏的,包含
,,,,,TSLS的特性,大样本时，TSLS法所得到的参数估计量具有一致性,包含
,,,,,TSLS的特性,尽管TSLS法是针对过度识别而提出的，但对于恰好识别情况仍然可以使用，并且估计的结果与间接最小二乘法（ILS）估计结果一致。但在过度识别条件下，用TSLS法只能提供每个参数的唯一估计值，而用ILS法则能提供多个估计值,包含
,,,,,案例分析,联立方程模型的估计,包含
,,,,,联立方程模型的估计,EViews软件操作,包含
,,,,,EViews软件操作,数据输入与时间范围确定,包含
,,,,,数据输入与时间范围确定,编辑输入数据,包含
,,,,,数据输入与时间范围确定,确定时间范围,包含
,,,,,EViews软件操作,TSLS估计方法应用,包含
,,,,,TSLS估计方法应用,打开估计方程对话框,包含
,,,,,TSLS估计方法应用,选择估计方法,包含
,,,,,EViews软件操作,Equation Specification窗口,包含
,,,,,Equation Specification窗口,输入估计方程,包含
,,,,,Equation Specification窗口,输入前定变量,包含
,,,,,EViews软件操作,模型估计结果获取,包含
,,,,,模型估计结果获取,进行估计并获得结果,包含
